N	Afterburner	加力推进	manual
N	Airtrooper	空降兵	manual
N	Alacrity	迅捷	manual
N	Anarchist	无政府主义	manual
N	Asskickah	狠角色	manual
N	Barbarian	野蛮人	manual
N	Barrage	弹幕	manual
N	Because "Science"	因为"科学"	manual
N	Bombardier	轰击手	manual
N	Broadside	舷侧齐射	manual
N	Camouflaged	迷彩伪装	manual
N	CHOMP!	撕咬！	manual
N	Coordination	协调作战	manual
N	Destroyer	毁灭者	manual
N	Dodge!	闪避！	manual
N	Energizer	活力充沛	manual
N	Fighter	格斗能手	manual
N	Fisticuffs	徒手格斗	manual
N	Flexibility	灵活性	manual
N	GERONIMO!	冲啊！	manual
N	Guardian	守护者	manual
N	Gunboat	炮艇	manual
N	Gunslinger	快枪手	manual
N	Hardy	坚固耐用	manual
N	High-Pressure-Cooling	高压冷却	manual
N	Hunter	猎手	manual
N	Imperceptible	难以察觉	manual
N	Indomitable	不屈不挠	manual
N	Jumpy	跳跃健将	manual
N	LAM-like	类陆空机甲	manual
N	Lifeboat	救生艇	manual
N	Machinist	机械师	manual
N	Man-of-War	战舰	manual
N	Marksman	神射手	manual
N	Overclocking	超频	manual
N	Persistence	持之以恒	manual
N	Pinpoint	精准打击	manual
N	Polly!	波莉！	manual
N	Raxpert	Rax 专家	manual
N	Resilience	坚韧不拔	manual
N	Robustness	强健	manual
N	Shieldbearer	持盾者	manual
N	Shielded	强化护盾	manual
N	Shocktrooper	突击兵	manual
N	Sieged	围攻模式	manual
N	Supercooled	超冷却	manual
N	Swarm!	蜂群！	manual
N	Swordmaster	剑术大师	manual
N	Thrasher	猛击者	manual
N	Unassailable	无可撼动	manual
N	Unyielding	永不屈服	manual
N	Well-built	结构坚固	manual
