AddOn	附加组件
Advanced MASC	高级 MASC
Apollo Heavy MRM Ammo	阿波罗重型 MRM 弹药
Apollo MRM Ammo	阿波罗 MRM 弹药
Articulated Jump Jets	铰接式跳跃喷射器
BA Off Board TAG	战甲离板 TAG
Battle Armor Linked	战甲联动
Battle Armor Sensor Dispenser	战甲传感器投放器
Battle Armor VTOL System	战甲 VTOL 系统
Battle Computer Artemis	战斗计算机：阿尔忒弥斯
Battle Computer Cluster	战斗计算机：集束
Battle Computer Headshot	战斗计算机：爆头
Battle Computer MultiTrac	战斗计算机：多目标追踪
Battle Computer Orssos	战斗计算机：奥索斯
Battle Computer Snafu	战斗计算机：混乱
Battle Computer Sniper	战斗计算机：狙击
BattleArmor Bay	战甲舱
BattleArmor Wingmount	战甲翼挂架
Booster Pack	助推包
Cruise Missile	巡航导弹
Cursed Battle Computer	诅咒战斗计算机
Directional Jump Jets	定向跳跃喷射器
Experimental PPC	实验型 PPC
Fusillade Missiles	齐射导弹
Gauss Shot	磁轨炮弹
HarJel II Self Repair	HarJel II 自修复
HarJel III Self Repair	HarJel III 自修复
HarJel Self Repair	HarJel 自修复
Heavy MRM	重型 MRM
Heavy MRM Rockets	重型 MRM 火箭
Helical Railgun	螺旋电磁炮
Helical Railgun Shot	螺旋电磁炮弹
iATM Missiles	iATM 导弹
iNARC Beacons	iNARC 信标
Industrial Ammo	工业弹药
Industrial Equipment	工业设备
Industrial Weapon	工业武器
Integral Chassis Systems	一体化底盘系统
Legs Actuator Adaptive Core	腿部作动器自适应核心
Legs Actuator Enhancement System	腿部作动器增强系统
LinkedArmor	联动护甲
Magnothermic Plasma Conduit	磁热等离子导管
Mass Driver	质量投射器
Mass Driver Ammo	质量投射器弹药
Melee Weapon	近战武器
MMS Rockets	MMS 火箭
Nitro	硝基燃料
OmniMech Hand QS	全能机甲手部快速互换
OmniMech Lower QS	全能机甲下部快速互换
Plasma Railgun	等离子电磁炮
Plasma Railgun Shot	等离子电磁炮弹
Pod	吊舱
ProtoMech Actuators	原型机甲作动器
ProtoMech Heat Sink	原型机甲散热器
ProtoMech Jump Jet	原型机甲跳跃喷射器
ProtoMech LBX	原型机甲 LBX
ProtoMech LRM	原型机甲 LRM
ProtoMech Melee	原型机甲近战
ProtoMech SRM	原型机甲 SRM
Quad Actuator Enhancement System	四足作动器增强系统
Railgun Shot	电磁炮弹
RAPLBGR Shot	RAPLBGR 炮弹
Rotary LRM	旋转 LRM
Rotary PPC	旋转 PPC
Squad UAV Equipment	小队无人机装备
SquadFiller	小队填充
Stealth Engine	隐身引擎
StructureMod	结构改装
Superheavy Jump Jet	超重型跳跃喷射器
Superheavy Rotary AutoCannon	超重型旋转自动炮
Superheavy Rotary AutoCannon Shells	超重型旋转自动炮弹
Thermal Mass	热质量
Thermal Overload System	热过载系统
TrooperWeight	步兵负重
Ultralight Mech Weapons	超轻型机甲武器
