Destroy Bogdan "The Steel Beast" Tubbs and His Lance	消灭波格丹·"钢铁猛兽"·塔布斯及其小队
Destroy Maurice	消灭莫里斯
Destroy Mercenary Defenders	消灭佣兵守军
Destroy Sybil and Escape	消灭西比尔并撤离
Eliminate "Limpet" Saito and his brother Jake	消灭"帽贝"·斋藤和他的兄弟杰克
Eliminate Alexa "Jackhammer" Jones	消灭亚历克莎·"风镐"·琼斯
Eliminate Basilisk Jackson and "Whispers" Aganos	消灭巴兹利斯克·杰克逊与"低语"·阿加诺斯
Eliminate Dominik "Whistler" Zhao	消灭多米尼克·"哨声"·赵
Eliminate Lady Yvonne "Yuetu" Khulan	消灭伊冯娜·"玉兔"·呼兰夫人
Eliminate Orchid "Thresher" Zhao	消灭奥奇德·"打谷机"·赵
Hidden Hostile to ALL AI Timer	隐藏：对所有势力敌对 AI 计时器
Hidden Hostile to All Drop Timer	隐藏：对所有势力敌对空降计时器
HIDDEN Objective: Destroy Prison Turrets	隐藏目标：摧毁监狱炮塔
Hidden Objective: Destroy the Assassination Lance	隐藏目标：消灭刺杀小队
Hidden Open Player Evac Objective	隐藏：开放玩家撤离目标
Hidden Target Primary AI Swap Timer	隐藏：主要目标 AI 切换计时器
Hidden Target Primary Drop Timer	隐藏：主要目标空降计时器
Kill Bogdan "The Steel Beast" Tubbs	击杀波格丹·"钢铁猛兽"·塔布斯
Kill the Galaxy Commander in one on one combat 	在一对一决斗中击杀星系指挥官
That Camera guy is shooting illegal footage.	那个摄像师在拍违规画面。
