Inbound hostile Dropship detected, drop zone marked.	检测到敌方空投艇接近，空降区已标记。
Our Employer has offered a bonus if we eliminate this group as well.	雇主说，如果我们把这批人也一并消灭，就有额外奖金。
Our Employer has kindly added destroying this group to our objectives. If we want to get paid we need to take them out.	雇主好意地把消灭这批人也加进了任务目标。想拿到钱，就得把他们解决掉。
Thanks for the assist, we're clear.	多谢支援，我们安全了。
A primary target is damaged, Commander! Keep it up!	主要目标受损了，指挥官！继续打！
We won't get paid for covering their evac if we leave before them, plan accordingly Commander.	要是我们在他们撤离前就走，掩护撤离的钱就拿不到了，指挥官，请据此安排。
We're clear of the AO, thanks Commander.	我们已离开作战区域，多谢指挥官。
Understood Lance leader, glad to have you with us.	明白，小队长，很高兴有你在。
That's it Commander, we did what we came here to do. Come on home.	就这样，指挥官，该做的都做了。回家吧。
Looks like we have some unexpected support from {TEAM_EMP_ALLY.FactionDef.Demonym} forces.	看来有 {TEAM_EMP_ALLY.FactionDef.Demonym} 部队意外来支援我们。
Glad we could make it to the party Commander. Our orders are to assist in the Primary Objective and once that's done head for Evac.	很高兴赶上这场好戏，指挥官。我们的命令是协助完成主要目标，完成后就前往撤离点。
Commander, our {TEAM_EMP.FactionDef.Demonym} friends have deployed forces to assist in our operation here.	指挥官，我们的 {TEAM_EMP.FactionDef.Demonym} 友军已派兵协助本次行动。
{COMMANDER.Name} look out, there's {TEAM_TAR_ALLY.FactionDef.Demonym} bad guys here too. Don't that beat it all.	{COMMANDER.Name} 当心，这里还有 {TEAM_TAR_ALLY.FactionDef.Demonym} 的敌人。真是活见鬼。
NYI	NYI
Copy that lance leader, welcome to the party.	收到，小队长，欢迎加入。
All our objectives are complete, cover our withdraw, Commander.	所有目标已完成，指挥官，掩护我们撤退。
[GENERIC VO] The secondary asset is sustaining damage, Commander!	[通用语音] 次要目标正在受损，指挥官！
That's an affirmative, XO Olivera. We will provide support to achieve the primary objective. When it's complete we have orders to proceed to our Evac.	确认收到，奥利维拉副官。我们会提供支援以完成主要目标。完成后按命令前往撤离点。
[GENERIC VO] The secondary asset has been recovered, Commander.	[通用语音] 次要目标已回收，指挥官。
The hostile {TEAM_HOST.FactionDef.Demonym} lance has arrived!	敌方 {TEAM_HOST.FactionDef.Demonym} 小队已抵达！
We lost Quebec Two Commander.	指挥官，我们失去了 Quebec 二号。
Bogeys on sensors!	传感器发现不明目标！
[GENERIC VO] Sensors are clear, proceed to the next objective.	[通用语音] 传感器无异常，前往下一个目标。
Our Employer has kindly added taking this group to contract. If we want to get paid we need to take them out.	雇主好意地把这批人也写进了合同。想拿到钱，就得把他们解决掉。
Our Employer has kindly added taking this group to contract as a bonus. If we want to make some extra C-bills we can take them out if we want.	雇主好意地把这批人作为奖金写进了合同。想多赚点星币，顺手解决他们就行。
New contacts on sensors, Commander. These units don't match {TEAM_TAR.FactionDef.ShortName} signatures. We've got a new player on the field.	指挥官，传感器出现新目标。这些单位的信号与 {TEAM_TAR.FactionDef.ShortName} 不符。战场上来了新玩家。
[GENERIC VO] The asset is sustaining damage, Commander!	[通用语音] 目标正在受损，指挥官！
That is our target, sustain fire on that unit!	那就是我们的目标，持续火力压制！
[GENERIC VO] Area is not clear, Commander. Eliminate the hostiles before continuing to the next Objective.	[通用语音] 区域尚未肃清，指挥官。先消灭敌人再前往下一个目标。
Commander, the target is bugging out! Eliminate them before they escape.	指挥官，目标要跑了！在他们逃走前解决掉。
Kilo 1-3 just got smoked! Suffering loses over here, Commander! We're still in the fight, but down one.	Kilo 1-3 被打爆了！这边损失惨重，指挥官！我们还能打，但少了一台。
More {TEAM_EMP.FactionDef.Demonym} forces on the field!	战场上又出现 {TEAM_EMP.FactionDef.Demonym} 部队！
Commander, our employer's allied forces have been destroyed.	指挥官，雇主的盟军已被消灭。
This is Quebec Actual, return fire and check your rear arc!	这里是 Quebec 实机，还击并注意后方！
Good shots, Commander! You scored a solid hit on one of the target structures, keep it up.	打得漂亮，指挥官！你命中了一座目标建筑，继续保持。
And there we go!	这就对了！
Sensors are showing enemy movement beyond our initial count. Be advised you might meet with increased resistance.	传感器显示的敌军数量超过了最初统计。请注意，你们可能遭遇更强的抵抗。
Our employer has offered a bonus if we eliminate this group as well.	雇主说，如果我们把这批人也一并消灭，就有额外奖金。
Enemy Reinforcements, get ready for contact.	敌军增援到了，准备接战。
We've demolished the objective buildings. No need to loiter, get to the evac zone.	目标建筑已摧毁。没必要逗留，前往撤离区。
Bkt_KillConfirmed: The garrison is destroyed. Good Work.	Bucket_击杀确认：守军已被消灭。干得好。
Warning commander, sensors are reading multiple contacts approaching from multiple vectors. Looks like the attacking force has brought reinforcements.	警告，指挥官，传感器显示多个目标从不同方向逼近。看来进攻方带来了增援。
Target building destroyed, good work commander, stay at it and we'll be done in no time.	目标建筑已摧毁，干得好指挥官，继续下去很快就能收工。
Heads up Commander, its a hostile {TEAM_TAR_ALLY.FactionDef.Demonym} lance!	当心，指挥官，是敌方 {TEAM_TAR_ALLY.FactionDef.Demonym} 小队！
[GENERIC VO] The asset has been recovered, Commander. Good work.	[通用语音] 目标已回收，指挥官。干得好。
You've reached the extraction point for the objective vehicles. Hold there are keep them safe until we can get them out.	你们已到达目标车辆的撤离点。守住那里，保护好它们，等我们接应。
Ok, that was unfortunate. Let's try next season.	好吧，真不走运。下个赛季再试。
Heads up Commander, its a hostile {TEAM_TAR_ALLY.FactionDef.Demonym} lance!	当心，指挥官，是敌方 {TEAM_TAR_ALLY.FactionDef.Demonym} 小队！
Commander, a target building has been demolished. Ensure the integrity of the remaining buildings.	指挥官，一座目标建筑已被摧毁。请确保其余建筑完好。
Mercenary Commander, we've received word of the assault on your position. Reinforcements are incoming, they are about halfway there. Maintain position and you'll be relieved shortly.	佣兵指挥官，我们收到了你方阵地遇袭的消息。增援正在赶来，大约已过半程。坚守阵地，很快就会解围。
Commander, the friendly {TEAM_EMP.FactionDef.Demonym} has been destroyed.	指挥官，友方 {TEAM_EMP.FactionDef.Demonym} 已被消灭。
And they are away! The convoy is safely out of the AO. Good work, Commander. Now get your remaining forces to the second evac zone for extraction there.	他们出发了！车队已安全离开作战区域。干得好，指挥官。现在把你剩余部队带到第二撤离区待接应。
Ok, that was unfortunate. Let's prepare for the next match better.	好吧，真不走运。下一场我们准备得更充分些。
Grace under fire, folks. Lay it on 'em!	火力之下见真章，各位。狠狠地打！
Good hunting, Commander. Oliveira out.	狩猎愉快，指挥官。奥利维拉通话结束。
One down. Keep engaging those threats and we'll be out of here.	解决一个。继续压制这些威胁，我们就能离开这里。
More {TEAM_TAR.FactionDef.Demonym} forces on the field!	战场上又出现 {TEAM_TAR.FactionDef.Demonym} 部队！
Be advised, some of the target buildings are sustaining damage. Your mission is to keep them standing.	提醒各位，部分目标建筑正在受损。你的任务是让它们保持完好。
Commander. The enemy has deployed reinforcements and they are inbound. Expect increased resistance.	指挥官。敌方已派出增援，正在赶来。预计抵抗会更强。
That's got it, keep firing on those targets until they are neutralized.	打中了，继续攻击那些目标直到将其消灭。
Primary targets destroyed Commander.	主要目标已摧毁，指挥官。
Our Employer has kindly added destroying this group to the contract as a bonus. If we want to make some extra C-bills we can take them out if we want.	雇主好意地把消灭这批人作为奖金写进了合同。想多赚点星币，顺手解决他们就行。
I'm inbound to the LZ Commander.	我正飞往着陆区，指挥官。
Charlie beacon deployed.	Charlie 信标已部署。
Bravo beacon deployed, Commander.	Bravo 信标已部署，指挥官。
Alpha beacon deployed, Commander. Good work.	Alpha 信标已部署，指挥官。干得好。
Warning: Incoming artillery fire.	警告：敌方炮火来袭。
Readings indicate the ambushing units are out of commission. The employer will be pleased.	读数显示伏击部队已失去战力。雇主会满意的。
Understood Lance Leader, glad to have you with us.	明白，小队长，很高兴有你在。
That's it Commander we did what we came here to do.	就这样，指挥官，该做的都做了。
we're clear of the AO, thanks Commander.	我们已离开作战区域，多谢指挥官。
That's an affirmative, XO Olivera. We're on station and will provide support to achieve the primary objective. When it's destroyed we have orders to proceed to our Evac.	确认收到，奥利维拉副官。我们已就位，将提供支援以完成主要目标。目标摧毁后按命令前往撤离点。
Keep in mind that the convoy will try to stay near you for protection. Continue advancing to get them to the extract point!	记住，车队会尽量靠近你们寻求保护。继续推进，把他们送到撤离点！
Glad we could make it to the party Commander. Our orders are to assist in the Primary Objective and once eliminated head for Evac.	很高兴赶上这场好戏，指挥官。我们的命令是协助完成主要目标，完成后前往撤离点。
Copy that lance leader.	收到，小队长。
All our objectives are complete, cover our withdraw Commander.	所有目标已完成，指挥官，掩护我们撤退。
We have a lock on the target vehicles. They should be to your front. Engage and destroy, Commander.	已锁定目标车辆。它们应该在你正前方。交战并摧毁，指挥官。
Best of luck, Commander. Oliveira out.	祝你好运，指挥官。奥利维拉通话结束。
Another {TEAM_EMP.FactionDef.Demonym} lance has dropped in Commander!	指挥官，又有一支 {TEAM_EMP.FactionDef.Demonym} 小队降落了！
That's it, mech recovering our Secondary Target is scraped. S&R will look for what's left. That objective is failed. Focus on the Primary.	就这样，负责回收次要目标的那台机甲已报废。搜救队会去找残骸。该目标宣告失败。专心处理主要目标。
Fire Control this is Observer Actual: Good effect on target. Targets Destroyed.	火控中心，这里是观察员实机：命中效果良好。目标已摧毁。
CHECK FIRE! CHECK FIRE! FRIENDLIES NOT CLEAR OF IMPACT SITE. OH---	停火！停火！友军尚未离开落点。哦——
Our employer has kindly added destroying this group to our objectives. If we want to get paid we need to take them out.	雇主好意地把消灭这批人也加进了任务目标。想拿到钱，就得把他们解决掉。
Our Employer has kindly added this group to the contract. If we want to get paid we need to take them out.	雇主好意地把这批人写进了合同。想拿到钱，就得把他们解决掉。
Commander, on this outing we have some additional support from our employer.	指挥官，这次行动我们得到了雇主的一些额外支援。
Commander, {TEAM_TAR.FactionDef.Demonym} reinforcements are inbound to this location.	指挥官，{TEAM_TAR.FactionDef.Demonym} 的增援正赶往此地。
Commander, I'm seeing hostile {TEAM_TAR_ALLY.FactionDef.Demonym} units in the area. Our target brought in allies for backup.	指挥官，我在这片区域发现了敌方 {TEAM_TAR_ALLY.FactionDef.Demonym} 单位。我们的目标叫来了帮手。
Another {TEAM_EMP.FactionDef.Demonym} lance has dropped in Commander!	指挥官，又有一支 {TEAM_EMP.FactionDef.Demonym} 小队降落了！
The {TEAM_EMP.FactionDef.Demonym} has been destroyed.	{TEAM_EMP.FactionDef.Demonym} 已被消灭。
The convoy is finished, now get what mechs you have to the extraction point and we'll pull you out. Move quickly.	车队完了，把你剩下的机甲带到撤离点，我们接你出来。动作快。
N/A	无
More {TEAM_EMP.FactionDef.Demonym} forces on the field. This is the Secondary Objective Version.	战场上又出现 {TEAM_EMP.FactionDef.Demonym} 部队。（次要目标版本）
More {TEAM_EMP.FactionDef.Demonym} forces on the field. This is the Primary Objective Version.	战场上又出现 {TEAM_EMP.FactionDef.Demonym} 部队。（主要目标版本）
Inbound strike team, Boss. We've lingered a bit too long and their quick reinforcements are arriving shortly.	打击小队来袭，头儿。我们逗留太久了，他们的快速增援马上就到。
Heads up, commander, a lance of {TEAM_HOST.FactionDef.Demonym} units just entered the area. They're hostile to everyone!	当心，指挥官，一支 {TEAM_HOST.FactionDef.Demonym} 小队刚进入该区域。他们见谁都打！
Good luck, Commander.	祝你好运，指挥官。
Commander, our {TEAM_EMP.FactionDef.Demonym} friends have deployed forces to assist in our operation here. This is the Secondary version.	指挥官，我们的 {TEAM_EMP.FactionDef.Demonym} 友军已派兵协助本次行动。（次要版本）
Commander, our {TEAM_EMP.FactionDef.Demonym} friends have deployed forces to assist in our operation here. This is the Primary version.	指挥官，我们的 {TEAM_EMP.FactionDef.Demonym} 友军已派兵协助本次行动。（主要版本）
Another {TEAM_TAR.FactionDef.Demonym} lance has dropped in Commander!	指挥官，又有一支 {TEAM_TAR.FactionDef.Demonym} 小队降落了！
We have a friendly convoy with engineers who are eager to get at those defenses, so they can bring them online.	我们有一支友方车队，随行的工程师急于处理那些防御设施，好让它们恢复运作。
Our Employer has kindly added destroying this group to our contract. If we want to get paid we need to take them out.	雇主好意地把消灭这批人写进了合同。想拿到钱，就得把他们解决掉。
Good luck, Commander. Oliveira out.	祝你好运，指挥官。奥利维拉通话结束。
We'll work in parallel to you and eliminate any opposition we come into contact with.	我们会与你并行推进，清除路上遇到的一切抵抗。
We lost this one, better luck next time, Commander.	这次我们输了，下次运气好点吧，指挥官。
This went south in a hurry. Better luck next time.	局势一下子就崩了。下次运气好点吧。
The mech carrying the Flag is sustaining damage, Commander!	携带战旗的机甲正在受损，指挥官！
The Flag has been recovered, Commander. Now you need to bring it to the extraction point.	战旗已夺回，指挥官。现在把它带到撤离点。
The Flag has been recovered, Commander. Good work.	战旗已夺回，指挥官。干得好。
That's an affirmative, XO Oliveira. We will provide support to achieve the primary objective. When it's complete we have orders to proceed to our Evac.	确认收到，奥利维拉副官。我们会提供支援以完成主要目标。完成后按命令前往撤离点。
That's all the opponents destroyed, Commander. Well done.	所有对手已歼灭，指挥官。干得漂亮。
Once you have secured the Flag, you need to get to the extraction zone.	夺取战旗后，你需要前往撤离区。
Hold this location until the Flag is captured.	守住此地，直到夺取战旗。
Commander, the Flag location is straight ahead.	指挥官，战旗就在正前方。
Commander, I've got inbound sensor contacts. Expect enemy reinforcements to drop in at any moment.	指挥官，传感器捕捉到来袭目标。敌军增援随时可能空降。
Another {TEAM_TAR.FactionDef.Demonym} lance has dropped in Commander!	指挥官，又有一支 {TEAM_TAR.FactionDef.Demonym} 小队降落了！
All our objectives are complete, cover our withdrawal, Commander.	所有目标已完成，指挥官，掩护我们撤退。
A lance of hostile {TEAM_TAR.FactionDef.Demonym} has landed nearby.	一支敌方 {TEAM_TAR.FactionDef.Demonym} 小队已在附近降落。
We're holding here for our own reinforcements. Get to your evac point and go! We'll cover you.	我们在此等自己的增援。你们赶往撤离点走吧！我们掩护。
We're finished, Commander. You're on your own again.	我们完事了，指挥官。接下来又得靠你自己了。
The primary targets are down. That's a wrap.	主要目标已倒下。收工。
That's unfortunate. I'll let our employers know what happened.	真不走运。我会把情况告知雇主。
That's affirmative. The {TEAM_EMP.FactionDef.Demonym} rep has offered a bonus if we eliminate them, as well. Your call, Commander.	确认。{TEAM_EMP.FactionDef.Demonym} 代表说，如果我们把这批人也消灭，同样有奖金。你决定，指挥官。
I'm seeing new heat signatures on the field, Commander. Our mystery tangos, I'm guessing?	指挥官，战场上出现新的热信号。我猜就是我们那些神秘目标？
I'm inbound to the LZ, Commander. Get your people over there for pickup.	我正飞往着陆区，指挥官。让你的人过去等候接应。
Got a Leopard on radar, Commander. Looks like it's making a drop; I'll mark its LZ for you.	雷达上发现一架豹式，指挥官。看来正在空投，我为你标出着陆区。
Good luck, Commander. Oliviera out.	祝你好运，指挥官。奥利维拉通话结束。
Enemy is straight ahead, Commander.	敌人在正前方，指挥官。
Another successful mission in the bag, Commander. Let's debrief once you're back aboard.	又顺利完成一次任务，指挥官。等你回船后我们再做简报。
We have a lock on the target vehicles. They should be to your front. Engage and destory, Commander.	已锁定目标车辆。它们应该在你正前方。交战并摧毁，指挥官。
The convoy is finished, now get what 'mechs you have to the extraction point and we'll pull you out. Move quickly.	车队完了，把你剩下的机甲带到撤离点，我们接你出来。动作快。
Pack it in, Commander. Nothing left to do here.	收工吧，指挥官。这里没别的可做了。
Dropship inbound for landing! We're going to get in and out quick!	运输舰即将降落！我们速战速决！
Copy that Lance Leader, welcome to the party.	收到，小队长，欢迎加入。
Commander, my sensors show a large incoming enemy reaction force. Clear out of this AO!	指挥官，传感器显示大批敌军反应部队正在逼近。赶快撤离该区域！
our employer's ally forces are lost commander.	指挥官，雇主的盟军已被消灭。
holy cow what a surprise its a {TEAM_TAR_ALLY.FactionDef.Demonym} lance! A surprise indeed. This is the Secondary Objective version.	我的天，真是"惊喜"，是 {TEAM_TAR_ALLY.FactionDef.Demonym} 小队！确实够惊喜的。（次要目标版本）
holy cow what a surprise its a {TEAM_TAR_ALLY.FactionDef.Demonym} lance! A surprise indeed. This is the Primary Objective version.	我的天，真是"惊喜"，是 {TEAM_TAR_ALLY.FactionDef.Demonym} 小队！确实够惊喜的。（主要目标版本）
You're approaching the encounter area, Commander. First enemy lance is in this area.	你正在接近交战区域，指挥官。第一支敌军小队就在这片区域。
The second enemy lance was last seen here.	第二支敌军小队最后出现在这里。
That's an affirmative, XO Oliveira. We're on station and will provide support to achieve the primary objective. When it's destroyed we have orders to proceed to our Evac.	确认收到，奥利维拉副官。我们已就位，将提供支援以完成主要目标。目标摧毁后按命令前往撤离点。
That's affirmative. Take them down as well, Commander.	确认。把他们也一并解决，指挥官。
Good shots, Commander! You scored a solid hit on one of the target structures, keep it up. 	打得漂亮，指挥官！你命中了一座目标建筑，继续保持。
Commander, I've got inbound sensor contacts. Expect enemy reinforcements to drop in at any moment. 	指挥官，传感器捕捉到来袭目标。敌军增援随时可能空降。
Warning commander, sensors are reading multiple contacts approaching from multiple vectors. Looks like the attacking force has brought reinforcements. 	警告，指挥官，传感器显示多个目标从不同方向逼近。看来进攻方带来了增援。
Be advised, some of the target buildings are sustaining damage. Your mission is to keep them standing. 	提醒各位，部分目标建筑正在受损。你的任务是让它们保持完好。
We've demolished the objective buildings. No need to loiter, get to the evac zone. 	目标建筑已摧毁。没必要逗留，前往撤离区。
Target building destroyed, good work commander, stay at it and we'll be done in no time. 	目标建筑已摧毁，干得好指挥官，继续下去很快就能收工。
[GENERIC VO] The asset has been recovered, Commander. Good work. 	[通用语音] 目标已回收，指挥官。干得好。
That's got it, keep firing on those targets until they are neutralized. 	打中了，继续攻击那些目标直到将其消灭。
One down. Keep engaging those threats and we'll be out of here. 	解决一个。继续压制这些威胁，我们就能离开这里。
Warning commander, sensors are reading multiple contacts approaching from multiple vectors.  Looks like the attacking force has brought reinforcements.	警告，指挥官，传感器显示多个目标从不同方向逼近。看来进攻方带来了增援。
Readings indicate the ambushing units are out of commission. The employer will be pleased. 	读数显示伏击部队已失去战力。雇主会满意的。
And they are away! The convoy is safely out of the AO. Good work, Commander. Now get your remaining forces to the second evac zone for extraction there. 	他们出发了！车队已安全离开作战区域。干得好，指挥官。现在把你剩余部队带到第二撤离区待接应。
Heads up Commander, its a hostile {TEAM_TAR_ALLY.FactionDef.Demonym} lance!  	当心，指挥官，是敌方 {TEAM_TAR_ALLY.FactionDef.Demonym} 小队！
Another {TEAM_EMP.FactionDef.Demonym} lance has dropped in Commander!  	指挥官，又有一支 {TEAM_EMP.FactionDef.Demonym} 小队降落了！
Another {TEAM_TAR.FactionDef.Demonym} lance has dropped in Commander!  	指挥官，又有一支 {TEAM_TAR.FactionDef.Demonym} 小队降落了！
The Flag has been recovered, Commander. Good work. 	战旗已夺回，指挥官。干得好。
Commander, {TEAM_EMP.FactionDef.Demonym} forces on station. Thanks for clearing those defenses to make way for us.	指挥官，{TEAM_EMP.FactionDef.Demonym} 部队已就位。多谢你清除了那些防御设施，为我们开路。
Commander, we have visuals on the second enemy lance.	指挥官，我们目视确认了第二支敌军小队。
Another {TEAM_EMP.FactionDef.Demonym} lance has dropped in Commander! This is the Secondary Objective Version.	指挥官，又有一支 {TEAM_EMP.FactionDef.Demonym} 小队降落了！（次要目标版本）
Another {TEAM_EMP.FactionDef.Demonym} lance has dropped in Commander! This is the Primary Objective Version.	指挥官，又有一支 {TEAM_EMP.FactionDef.Demonym} 小队降落了！（主要目标版本）
We won't get paid for covering their evac if we leave before them. Plan accordingly, Commander.	要是我们在他们撤离前就走，掩护撤离的钱就拿不到了。请据此安排，指挥官。
They have point defenses set up around the base, they are however offline.	他们在基地周边架设了定点防御，不过目前处于离线状态。
Ladies and Gentlemen welcome to Solaris off-season battle! Let the fight begin!	女士们先生们，欢迎来到 Solaris 休赛期对决！战斗开始！
Escort them safely to the generators and we can boost our defensive capability with those turrets activated. Good Luck!	护送他们安全抵达发电机，启动那些炮塔就能增强我们的防御能力。祝好运！
Commander, we've got an enemy lance moving towards the {TEAM_EMP.FactionDef.Demonym} base.	指挥官，有一支敌军小队正朝 {TEAM_EMP.FactionDef.Demonym} 基地移动。
Commander, more hostiles are entering the area. I've marked their LZ.	指挥官，更多敌人进入该区域。我已标出他们的着陆区。
All our objectives are complete, cover our withdrawal Commander.	所有目标已完成，指挥官，掩护我们撤退。
Turrets, boss. Just keep an eye out in case they are online.	是炮塔，头儿。留神点，以防它们还在运转。
INCOMING TRANSMISSION.	收到通讯。
We'll have to destroy that lance if we want to complete the mission.	想完成任务，就得消灭那支小队。
That's a disappointing result, Commander.	结果令人失望，指挥官。
Scratch another target.	又解决一个目标。
Our employer is saying we NEED to kill those units. Prepare to engage.	雇主说我们必须消灭那些单位。准备交战。
Once he's down, head to the evac point for your pickup.	他一倒下，就前往撤离点等候接应。
Move to their position and provide support.	移动到他们的位置并提供支援。
Ladies and Gentlemen welcome to Solaris Light League! Let the fight begin!	女士们先生们，欢迎来到 Solaris 轻量级联赛！战斗开始！
If we decide to kill these units our employer if offering a bonus.	如果我们决定消灭这些单位，雇主愿意提供奖金。
Good job, commander. All primary objectives complete. Get to evac, Sumire will pick you up here.	干得好，指挥官。主要目标全部完成。前往撤离点，苏米尔会来这里接你。
Commander. The enemy had deployed reinforcements and they are inbound. Expect increased resistance. 	指挥官。敌方已派出增援，正在赶来。预计抵抗会更强。
Commander, another match in the Light League. Good luck!	指挥官，轻量级联赛又一场比赛。祝好运！
Commander, I'm seeing hostile defenders surrounding the enemy base.	指挥官，我发现敌方基地周围有敌军守卫。
The convoy is finished, now get what 'Mechs you have to the extraction point and we'll pull you out. Move quickly.	车队完了，把你剩下的机甲带到撤离点，我们接你出来。动作快。
Sensors are showing enemy movement beyond our intitial count. Be advised you might meet with increased resistance.	传感器显示的敌军数量超过了最初统计。请注意，你们可能遭遇更强的抵抗。
Our employer wants us to kill these guys. This mission isn't ending until they die.	雇主想让我们干掉这帮人。他们不死，任务就不算完。
Commander, a word of warning, we have reports this base may have gun emplacements for point defense.	指挥官，提醒一句，有报告称该基地可能设有定点防御炮位。
[GENERIC VO] Area is not clear, Commander. Eliminate the hostiles before continuing to the next objective.	[通用语音] 区域尚未肃清，指挥官。先消灭敌人再前往下一个目标。
Mercenary Commander, we've received word of the assault on your position. Reinforcements are incoming, they are about halfway there. Maintain position and you'll be relieved shortly.	佣兵指挥官，我们收到了你方阵地遇袭的消息。增援正在赶来，大约已过半程。坚守阵地，很快就会解围。
PLACHEHOLDER (Hostile to All Secondary). In bound hostile Dropship detected, drop zone marked.	占位符（对所有势力敌对·次要）。检测到敌方空投艇接近，空降区已标记。
PLACHEHOLDER (Additional Target Forces Secondary). In bound hostile Dropship detected, drop zone marked.	占位符（目标增援·次要）。检测到敌方空投艇接近，空降区已标记。
PLACHEHOLDER (Additional Target Forces Primary). In bound hostile Dropship detected, drop zone marked.	占位符（目标增援·主要）。检测到敌方空投艇接近，空降区已标记。
PLACHEHOLDER (Additional Target Forces 2 Secondary). In bound hostile Dropship detected, drop zone marked.	占位符（目标增援 2·次要）。检测到敌方空投艇接近，空降区已标记。
PLACHEHOLDER (Additional Dropped Target Forces 2 Primary). In bound hostile Dropship detected, drop zone marked.	占位符（空降目标增援 2·主要）。检测到敌方空投艇接近，空降区已标记。
PLACHEHOLDER (Additional Dropped Forces Enemy Ally Secondary) . In bound hostile Dropship detected, drop zone marked.	占位符（空降增援·敌方盟军·次要）。检测到敌方空投艇接近，空降区已标记。
PLACHEHOLDER (Additional Dropped Forces Enemy Ally Primary). In bound hostile Dropship detected, drop zone marked.	占位符（空降增援·敌方盟军·主要）。检测到敌方空投艇接近，空降区已标记。
PLACEHODLER This is Quebec actual return fire and check your rear arc!	占位符：这里是 Quebec 实机，还击并注意后方！
Looks like we have some unexpected support from {TEAM_EMP_ALLY.FactionDef.Demonym} forces. This is the Secondary version.	看来有 {TEAM_EMP_ALLY.FactionDef.Demonym} 部队意外来支援我们。（次要版本）
Looks like we have some unexpected support from {TEAM_EMP_ALLY.FactionDef.Demonym} forces. This is the Primary version.	看来有 {TEAM_EMP_ALLY.FactionDef.Demonym} 部队意外来支援我们。（主要版本）
Hark {COMMANDER.Name} here are unexpected {TEAM_TAR_ALLY.FactionDef.Demonym} bad guys are here too. Don't that beat it all. This is the primary version.	听好，{COMMANDER.Name}，这里还有 {TEAM_TAR_ALLY.FactionDef.Demonym} 的敌人。真是活见鬼。（主要版本）
Hark {COMMANDER.Name} here are unexpected {TEAM_TAR_ALLY.FactionDef.Demonym} bad guys  are here too. Don't that beat it all. This is the secondary version.	听好，{COMMANDER.Name}，这里还有 {TEAM_TAR_ALLY.FactionDef.Demonym} 的敌人。真是活见鬼。（次要版本）
Grace under fire folks. Lay it on 'em!	火力之下见真章，各位。狠狠地打！
We've got them, Commander. Right out in the open.	我们逮住他们了，指挥官。就暴露在空地上。
Watch out commander, more hostiles are arriving. They'll be landing in this area.	当心，指挥官，更多敌人正在抵达。他们会在这片区域着陆。
The primary targets are down, Commander. You can evac at any time.	主要目标已倒下，指挥官。你随时可以撤离。
Readings indicate the ambushing units are out of commision. The employer will be pleased. 	读数显示伏击部队已失去战力。雇主会满意的。
Our employer is offering us some extra cash if we destroy these units too.	雇主说，如果我们把这些单位也一并摧毁，就额外给钱。
Let's see what you got.	让我们看看你的本事。
If we destroy them we'll get a hefty bonus.	摧毁他们就能拿到一笔丰厚的奖金。
I know! It's great!	我知道！太棒了！
Hey, uh, XO? I'm tracking an inbound blip. Coming in fast and low, like they're making a dropoff.	喂，副官？我追踪到一个来袭信号。速度快、高度低，像是要空投。
Greetings, Commander. Understand that this facility is as important to the {TEAM_TAR_ALLY.FactionDef.Name} as it is to our {TEAM_TAR.FactionDef.Name}.	你好，指挥官。要知道，这座设施对 {TEAM_TAR_ALLY.FactionDef.Name} 的重要性不亚于对我们的 {TEAM_TAR.FactionDef.Name}。
*STATIC* -ell, this round is yours. *COUGH* Until next time.	*电流声*……好吧，这一局算你赢。*咳嗽* 下次再会。
You've reached the extraction point for the objective vehicles. Hold there and keep them safe until we can get them out.	你们已到达目标车辆的撤离点。守住那里，保护好它们，等我们接应。
You didn't sound so confident earlier. Some of the in booth audio has already gone viral.	你刚才可没这么自信。解说席上的录音已经传开了。
Wow. This is the most amazing fight I have seen today!	哇。这是我今天见过最精彩的战斗！
Wow, would you look at that. Looks like the odds makers were way off today.	哇，你瞧瞧。看来今天的赔率开得离谱啊。
Well done, Commander. Let's go get paid.	干得好，指挥官。去领钱吧。
Well done, Commander. Let's debrief back in orbit.	干得好，指挥官。回轨道上再做简报。
We can't complete the contract until those units are destroyed.	那些单位不被摧毁，合同就没法完成。
Wait... Darius did you plan this?	等等……达吕斯，这是你安排的吗？
Wait, you said we weren't being recorded!	等等，你说过我们没被录音的！
To say that this fight has just got real, is an understatement!	说这场战斗刚变得动真格，都嫌轻了！
This is a disaster. Commander, I'm pulling the plug on this operation.	这是一场灾难。指挥官，我要中止这次行动。
This fight just got tighter than two hairs in a manbun!	这场战斗紧张得像丸子头里的两根头发！
They're coming in fast, don't let them get too close.	他们冲得很快，别让他们靠得太近。
These guys are amateurs. Get eyes on them, take them out.	这帮人是外行。盯住他们，干掉他们。
The convoy's almost escaped, Commander. You need to step it up or we're going to miss the window of opportunity.	车队快跑了，指挥官。你得加快速度，否则就要错过时机。
NOT USED IN THIS FLASHPOINT.	此闪点任务未使用。
Looks like the other mercs have joined in the fight!	看来其他佣兵也加入战斗了！
Ladies and Gentlemen welcome to Solaris Medium League battle! Let the fight begin!	女士们先生们，欢迎来到 Solaris 中量级联赛对决！战斗开始！
Ladies and Gentlemen welcome to Solaris Light League battle! Let the fight begin!	女士们先生们，欢迎来到 Solaris 轻量级联赛对决！战斗开始！
Ladies and Gentlemen welcome to Solaris Heavy League battle! Let the fight begin!	女士们先生们，欢迎来到 Solaris 重量级联赛对决！战斗开始！
Ladies and Gentlemen welcome to Solaris Assault League battle! Let the fight begin!	女士们先生们，欢迎来到 Solaris 突击级联赛对决！战斗开始！
I'm on station to pick you up here whenever you're ready, boss.	我已就位，你准备好了随时来这里接你，头儿。
I mean a four for one deal! Who could pass that up?!?	四换一的买卖！谁会错过？！？
I don't have any way to know where they will land, but you can bet they will be close to the base.	我无法预知他们会降落在哪，但可以肯定离基地不远。
I also have a guest announcer, claims he's a huge fan. Everyone, welcome Darius.	我还请来一位客座解说，自称是超级粉丝。各位，欢迎达吕斯。
Hey, Darius I'm seeing new heat signatures on the field. Second enemy lance is unbound?	喂，达吕斯，战场上出现新的热信号。第二支敌军小队解绑了？
Heads up, Commander. I see Drop Pods inbound.	当心，指挥官。我看到空投舱来袭。
Heads up Commander, it's a hostile {TEAM_TAR_ALLY.FactionDef.Demonym} lance!  	当心，指挥官，是敌方 {TEAM_TAR_ALLY.FactionDef.Demonym} 小队！
Heads up Commander, it's a hostile {TEAM_TAR_ALLY.FactionDef.Demonym} lance!	当心，指挥官，是敌方 {TEAM_TAR_ALLY.FactionDef.Demonym} 小队！
Escorts are down, Commander. Good work. Let's wrap this up.	护卫已清除，指挥官。干得好。收尾吧。
Commander, we've got a lance of enemy forces moving towards the {TEAM_EMP.FactionDef.Demonym} base.	指挥官，有一支敌军小队正朝 {TEAM_EMP.FactionDef.Demonym} 基地移动。
Commander, we've completed all the primary objectives and you're clear to extract.	指挥官，主要目标已全部完成，你可以撤离了。
Commander, long range sensors are picking up an enemy bogey. They'll be landing any minute.	指挥官，远程传感器捕捉到一个敌方目标。他们随时会降落。
Bkt_KillConfirmed: The garrison is destroyed. Good work.	Bucket_击杀确认：守军已被消灭。干得好。
As long as you're still in the AO, Commander, you'll need to keep the {TEAM_EMP.FactionDef.Demonym} base secure.	只要你还在作战区域内，指挥官，就得确保 {TEAM_EMP.FactionDef.Demonym} 基地的安全。
Amazing, I thought the Commander had it in them!	精彩，我就知道指挥官有这个本事！
A milk run, just as we expected. Good work, Commander.	如我们预料的轻松任务。干得好，指挥官。
What a day for a classic Brawl!	经典混战的好日子！
What a damn disaster. Let's debrief back in orbit.	真是一场灾难。回轨道上再做简报。
The base is ours, Commander. Well done.	基地是我们的了，指挥官。干得漂亮。
The AO is clear, we're still standing, and we've got you to thank for it. Would you mind covering us while we make our way to the evac point?	作战区域已肃清，我们还活着，这多亏了你。我们前往撤离点时，能麻烦你掩护一下吗？
That's the round start signal! Good Luck!	回合开始的信号！祝好运！
That's it, game over.	就这样，游戏结束。
Recon has spotted additional bogies coming your way.	侦察发现更多目标正朝你方移动。
Our bird is away, and we're clear of the AO. We owe you our lives, Commander.	我们的飞船已离开，我们撤出了作战区域。我们欠你一条命，指挥官。
Ok, that was unfortunate. Let's prepare for the next round.	好吧，真不走运。准备下一回合。
Let's hope their aim is better than their looks.	但愿他们的枪法比长相强。
It's part of the hardened bunker, and we can't disable it until the orbital strike completes. So, I suggest moving quickly.	它是加固掩体的一部分，轨道打击完成前无法使其失效。所以我建议动作快点。
INCOMING MESSAGE.	收到消息。
Holy cow what a surprise it's a {TEAM_TAR_ALLY.FactionDef.Demonym} lance! A surprise indeed. This is the Primary Objective version.	我的天，真是"惊喜"，是 {TEAM_TAR_ALLY.FactionDef.Demonym} 小队！确实够惊喜的。（主要目标版本）
Good hunting, Commander.	狩猎愉快，指挥官。
Get them to safety, keep them intact, and get out there when it's done.	把他们送到安全地带，保证完好无损，完事后就撤出去。
Game Over. Good shooting.	游戏结束。枪法不错。
