Accurate Category - Energy	精准类别 - 能量
Accurate Category - Bomb Bay	精准类别 - 弹舱
Accurate Category - Wingmounted	精准类别 - 翼挂
Quirk Adv. M.A.S.C. Activatable: Increased Run Speed	特质 先进 M.A.S.C.（可激活）：提高冲刺速度
BoltOn Warfare Suite	外挂作战套件
C.A.S.E. III	C.A.S.E. III
Exp. Targeting Computer	实验性瞄准计算机
LAM-like	类LAM
Quirk OmniStealth Activatable: Stealth	特质 全向隐匿（可激活）：隐匿
Void	虚空
Resilient	坚韧
Sprinter	短跑健将
ROAR	咆哮
Quirk Integrated Searchlight Activatable: Increased Visual Signature 80	特质 集成探照灯（可激活）：可见信号提升 80
Fearsome	可怖
Quirk Variable Range Targeting Activatable: Improved Extra Long Range Accuracy	特质 可变射程瞄准（可激活）：提高极远程精度
Quickcel	快销货
