+1 Gunnery, +1 Guts	+1 射击，+1 意志
+1 Gunnery, +1 Tactics	+1 射击，+1 战术
Audiovisual piracy is a crime. Deal with it.	盗录影音是犯罪行为。去处理掉。
Battle Armor has decreased accuracy when firing while mounted.	战斗装甲在搭乘状态下开火时精度下降。
Destroy Defense Turrets	摧毁防御炮塔
Destroy Marik Structures	摧毁马里克的建筑
Destroy the Second Lance	消灭第二支小队
Eliminate Luthendorff.	消灭卢滕多夫。
Eliminate Steiner Air Defenses to allow Gwydion Company to Land	消灭施泰纳防空力量，为格威迪恩连队降落开路
Eliminate {TEAM_TAR.FactionDef.Demonym} ambush team	消灭 {TEAM_TAR.FactionDef.Demonym} 伏击小队
Entertainment piracy is a serious crime. Address this for us.	盗版娱乐作品是严重犯罪。替我们处理掉。
Follow the trail to the next base	循迹前往下一处基地
Guess someone's pissed.	看来有人被惹毛了。
If you Destory the Air Defense unit on the base for reinforcements.	摧毁基地的防空单位以便增援。
Kill them all.	把他们全部消灭。
Link up with the main compound	与主建筑群会合
No surprise.	毫不意外。
Place Beacon Alpha for Designation	放置 Alpha 信标以指示目标
Place Beacon Bravo for Designation	放置 Bravo 信标以指示目标
Place Beacon Charlie for Designation	放置 Charlie 信标以指示目标
Retrieve the Crate and Extract Safely	取回货箱并安全撤离
Send a message by not only destroy the convoy, but eliminte their escorts as well.	以摧毁车队并同时消灭其护卫的方式传递一个信号。
Send a message by not only destroying the convoy, but eliminate their escorts as well.	以摧毁车队并同时消灭其护卫的方式传递一个信号。
Send a message by not only destroying the convoy, but eliminating its escorts as well.	以摧毁车队并同时消灭其护卫的方式传递一个信号。
Send a message by not only destroying the convoy, but eliminating their escorts as well.	以摧毁车队并同时消灭其护卫的方式传递一个信号。
Survive the hacked turrets in bravo base	在 Bravo 基地被入侵的炮塔下存活
The contract didn't mention this part.	合同里可没提这一出。
They sent a live camera guy.	他们派了个现场摄像师来。
We can't leave technology like this in their hands.	不能把这种技术留在他们手里。
